id,name,position
6887,"Martin Maldonado",C
5398,"Juan Graterol",C
10642,"Carlos Perez",C
4969,"Luis Valbuena",2B/3B
12546,"C.J. Cron",1B/DH
5107,"Jefry Marte",1B
1177,"Albert Pujols",1B
9219,"Danny Espinosa",2B/SS
3395,"Cliff Pennington",SS
11494,"Kaleb Cowart",3B
13267,"Nolan Fontana",2B
10847,"Andrelton Simmons",SS
4191,"Yunel Escobar",SS
5223,"Cameron Maybin",OF
4712,"Ben Revere",OF
10155,"Mike Trout",OF
11200,"Kole Calhoun",OF
3256,"Welington Castillo",C
7087,"Caleb Joseph",C
9272,"Chris Davis",1B
15149,"Trey Mancini",DH/OF
6876,"Mark Trumbo",1B/OF
2495,"Pedro Alvarez",3B
11265,"Jonathan Schoop",2B
7888,"Ryan Flaherty",2B/3B
7412,"Paul Janish",SS
13153,"Luis Sardinas",2B/SS
3797,"J.J. Hardy",SS
11493,"Manny Machado",3B
18718,"Hyun Soo Kim",OF
7331,"Seth Smith",OF
sa659463,"Anthony Santander",OF
6368,"Adam Jones",OF
13277,"Joey Rickard",OF
9774,"Christian Vazquez",C
5273,"Sandy Leon",C
13176,"Blake Swihart",C
3086,"Mitch Moreland",1B
16263,"Sam Travis",1B
8001,"Hanley Ramirez",SS
8370,"Dustin Pedroia",2B
11167,"Josh Rutledge",2B/SS
9345,"Brock Holt",3B/OF
12161,"Xander Bogaerts",SS
13325,"Deven Marrero",3B
5409,"Pablo Sandoval",3B
17901,"Andrew Benintendi",OF
3882,"Chris Young",OF
12957,"Steve Selsky",OF
13611,"Mookie Betts",OF
12984,"Jackie Bradley Jr.",OF
13338,"Omar Narvaez",C
12284,"Kevan Smith",C
3707,"Geovany Soto",C
sa505301,"Alfredo Gonzalez",C
15676,"Jose Abreu",1B
785,"Todd Frazier",3B
7226,"Matt Davidson",3B/DH
11602,"Yolmer Sanchez",2B
5913,"Leury Garcia",OF
10807,"Tyler Saladino",2B/3B
17232,"Yoan Moncada",3B/DH
15172,"Tim Anderson",SS
4022,"Melky Cabrera",OF
12956,"Willy Garcia",OF
15082,"Adam Engel",OF
11997,"Cody Asche",3B/OF
5760,"Avisail Garcia",OF
14876,"Jacob May",OF
12983,"Charlie Tilson",OF
9627,"Yan Gomes",C
2900,"Roberto Perez",C
9362,"Adam Moore",C
sa455980,"Francisco Mejia",OF
2396,"Carlos Santana",C/1B
2151,"Edwin Encarnacion",1B/3B/DH
10681,"Giovanny Urshela",3B
9776,"Jason Kipnis",2B
13510,"Jose Ramirez",3B/SS
13369,"Erik Gonzalez",2B/SS
12916,"Francisco Lindor",SS
16578,"Yandy Diaz",3B
4106,"Michael Brantley",OF
6266,"Daniel Robertson",OF
9848,"Austin Jackson",OF
5486,"Abraham Almonte",OF
2636,"Brandon Guyer",OF
16221,"Bradley Zimmer",OF
7571,"Lonnie Chisenhall",3B/OF
7476,"Alex Avila",C
12547,"John Hicks",C/1B
12859,"James McCann",C
1744,"Miguel Cabrera",1B/3B
1159,"Andrew Romine",3B/SS
6448,"Jim Adduci",OF
11472,"Dixon Machado",SS
6195,"Ian Kinsler",2B
10231,"Jose Iglesias",SS
11737,"Nick Castellanos",3B
5222,"Justin Upton",OF
5305,"Alex Presley",OF
13130,"Mikie Mahtook",OF
6184,"J.D. Martinez",OF
14818,"JaCoby Jones",OF
393,"Victor Martinez",C/DH
7304,"Salvador Perez",C
3411,"Drew Butera",C
sa597771,"Cam Gallagher",C
3516,"Eric Hosmer",1B
4467,"Brandon Moss",1B/OF
10473,"Cheslor Cuthbert",3B
11281,"Whit Merrifield",2B
13769,"Raul Mondesi",2B
sa547940,"Ramon Torres",2B/SS
6310,"Alcides Escobar",SS
4892,"Mike Moustakas",3B
15117,"Hunter Dozier",OF
5209,"Alex Gordon",OF
9077,"Lorenzo Cain",OF
12174,"Jorge Bonifacio",OF
8628,"Paulo Orlando",OF
14221,"Jorge Soler",OF
sa597751,"Bubba Starling",OF
8722,"Jason Castro",C
7324,"Chris Gimenez",C
10346,"John Ryan Murphy",C
sa578988,"Mitch Garver",C
1857,"Joe Mauer",C/1B
12164,"Miguel Sano",3B/DH
12101,"Kennys Vargas",1B/DH
18497,"Byung-ho Park",1B/DH
12144,"Max Kepler",OF
9810,"Brian Dozier",2B
8418,"Ehire Adrianza",2B/SS
6153,"Eduardo Escobar",SS
13152,"Jorge Polanco",SS
12155,"Eddie Rosario",OF
5254,"Robbie Grossman",OF
sa549449,"Daniel Palka",1B
14161,"Byron Buxton",OF
11442,"Gary Sanchez",C
5491,"Austin Romine",C
5517,"Kyle Higashioka",C
14131,"Gregory Bird",1B
9911,"Chris Carter",1B/DH
1873,"Matt Holliday",OF
13770,"Rob Refsnyder",1B/2B/OF
11850,"Tyler Austin",1B
4579,"Starlin Castro",SS
11400,"Ronald Torreyes",3B/SS
6012,"Didi Gregorius",SS
sa657910,"Jorge Mateo",SS
4720,"Chase Headley",3B
sa659185,"Miguel Andujar",3B
9927,"Brett Gardner",OF
5297,"Aaron Hicks",OF
15640,"Aaron Judge",OF
11859,"Mason Williams",OF
4727,"Jacoby Ellsbury",OF
5000,"Stephen Vogt",C
9308,"Josh Phegley",C
13866,"Bruce Maxwell",C
2530,"Yonder Alonso",1B
15447,"Ryon Healy",3B
11445,"Mark Canha",1B/OF
14344,"Matt Olson",1B/OF
sa828672,"Matt Chapman",3B
4418,"Jed Lowrie",SS
15191,"Chad Pinder",2B/SS
9682,"Adam Rosales",2B/3B
13853,"Joey Wendle",2B
12533,"Marcus Semien",SS
sa739765,"Franklin Barreto",SS
7462,"Trevor Plouffe",3B
14503,"Renato Nunez",DH
9112,"Khris Davis",OF
3353,"Matt Joyce",OF
5408,"Jake Smolinski",OF
3708,"Rajai Davis",OF
10700,"Ryan LaMarre",OF
sa550136,"Jaycob Brugman",OF
13265,"Mike Zunino",C
2579,"Carlos Ruiz",C
5277,"Tuffy Gosewisch",C
6364,"Danny Valencia",3B
14130,"Dan Vogelbach",1B
12399,"Taylor Motter",SS/OF
3269,"Robinson Cano",2B
9629,"Shawn O'Malley",SS/OF
5933,"Jean Segura",SS
9785,"Kyle Seager",3B
18721,"Guillermo Heredia",OF
12160,"Ben Gamel",OF
4866,"Jarrod Dyson",OF
15103,"Boog Powell",OF
sa502787,"Andrew Aplin",OF
14274,"Mitch Haniger",OF
2434,"Nelson Cruz",DH/OF
sa549926,"D.J. Peterson",1B
6867,"Derek Norris",C
1433,"Wilson Ramos",C
5942,"Jesus Sucre",C
12510,"Curt Casali",C
9205,"Logan Morrison",1B/OF
1849,"Rickie Weeks Jr.",2B
12775,"Brad Miller",SS
14145,"Daniel Robertson",2B/3B
7949,"Tim Beckham",2B/SS
7358,"Michael Martinez",2B/OF
13836,"Matt Duffy",3B
sa736655,"Willy Adames",SS
9368,"Evan Longoria",3B
9893,"Colby Rasmus",OF
13608,"Mallex Smith",OF
10762,"Corey Dickerson",OF
sa737848,"Jake Bauers",1B
11038,"Kevin Kiermaier",OF
2578,"Peter Bourjos",OF
5667,"Steven Souza Jr.",OF
7870,"Jonathan Lucroy",C
3142,"Robinson Chirinos",C
11192,"Brett Nicholas",C
3057,"Mike Napoli",C/1B
14128,"Joey Gallo",3B
12409,"Ryan Rua",1B/OF
sa659670,"Ronald Guzman",1B
12282,"Rougned Odor",2B
2539,"Pete Kozma",SS
11902,"Hanser Alberto",2B
10815,"Jurickson Profar",2B
11761,"Drew Robinson",DH
8709,"Elvis Andrus",SS
639,"Adrian Beltre",3B
11379,"Delino DeShields",OF
14553,"Nomar Mazara",OF
4881,"Carlos Gomez",OF
10882,"Jared Hoying",OF
3174,"Shin-Soo Choo",OF
4616,"Russell Martin",C
13355,"Luke Maile",C
9054,"Justin Smoak",1B
9957,"Steve Pearce",1B/OF
8610,"Kendrys Morales",1B/DH
sa738437,"Rowdy Tellez",1B
13862,"Devon Travis",2B
2430,"Darwin Barney",2B
9807,"Ryan Goins",2B/SS
3531,"Troy Tulowitzki",SS
sa736829,"Richard Urena",SS
5038,"Josh Donaldson",3B
6878,"Chris Coghlan",OF
9048,"Ezequiel Carrera",OF
13473,"Dwight Smith",OF
12434,"Kevin Pillar",OF
14329,"Anthony Alford",OF
1887,"Jose Bautista",OF
9954,"Darrell Ceciliani",OF
12797,"Dalton Pompey",OF
8267,"Chris Iannetta",C
3448,"Jeff Mathis",C
9284,"Chris Herrmann",C/OF
13490,"Oscar Hernandez",C
9218,"Paul Goldschmidt",1B
8392,"Daniel Descalso",2B/3B/SS
11615,"Brandon Drury",2B/OF
10030,"Chris Owings",2B/SS
13613,"Ketel Marte",SS
12147,"Nick Ahmed",SS
sa549854,"Jack Reinheimer",2B/SS
sa504705,"Ildemaro Vargas",2B
13329,"Jake Lamb",3B
sa659207,"Dawel Lugo",3B/SS
17171,"Yasmany Tomas",OF
3123,"Gregor Blanco",OF
9399,"Jeremy Hazelbaker",OF
12944,"Socrates Brito",OF
9256,"A.J. Pollock",OF
10329,"Rey Fuentes",OF
2136,"David Peralta",OF
10306,"Oswaldo Arcia",OF
9134,"Tyler Flowers",C
8259,"Kurt Suzuki",C
4063,"Anthony Recker",C
5361,"Freddie Freeman",1B
9393,"Matt Adams",1B
14103,"Rio Ruiz",3B
12325,"Jace Peterson",2B
791,"Brandon Phillips",2B
sa830219,"Ozzie Albies",2B/SS
18314,"Dansby Swanson",SS
10322,"Danny Santana",SS/OF
14950,"Johan Camargo",3B
13777,"Adonis Garcia",3B
5631,"Matt Kemp",OF
4054,"Emilio Bonifacio",2B/OF
sa548194,"Mel Rojas Jr.",OF
4922,"Ender Inciarte",OF
5930,"Nick Markakis",OF
11609,"Willson Contreras",C
3364,"Miguel Montero",C
16478,"Kyle Schwarber",OF
sa737618,"Victor Caratini",C
3473,"Anthony Rizzo",1B
15429,"Kris Bryant",3B
12979,"Javier Baez",2B
7435,"Ben Zobrist",2B/OF
12371,"Tommy La Stella",2B/3B
14106,"Addison Russell",2B/SS
13621,"Jeimer Candelario",3B
sa505993,"Christian Villanueva",3B
5227,"Jon Jay",OF
4940,"Jason Heyward",OF
14109,"Albert Almora",OF
17919,"Ian Happ",OF
sa550326,"Jacob Hannemann",OF
5666,"Devin Mesoraco",C
10200,"Tucker Barnhart",C
15207,"Stuart Turner",C
4314,"Joey Votto",1B
10950,"Adam Duvall",OF
13593,"Jose Peraza",2B/SS
10711,"Arismendy Alcantara",2B/OF
10339,"Scooter Gennett",2B
14335,"Dilson Herrera",2B
2616,"Zack Cozart",SS
12552,"Eugenio Suarez",3B/SS
13910,"Patrick Kivlehan",OF
13590,"Jesse Winker",PH/PR
14738,"Phillip Ervin",OF
10199,"Billy Hamilton",OF
12225,"Scott Schebler",OF
sa597058,"Aristides Aquino",OF
11470,"Tony Wolters",C
4952,"Ryan Hanigan",C
9433,"Dustin Garneau",C
13499,"Tom Murphy",C
7619,"Mark Reynolds",1B/3B
6885,"Ian Desmond",SS
8553,"Gerardo Parra",OF
9874,"DJ LeMahieu",2B
9063,"Alexi Amarista",SS/OF
14885,"Pat Valaika",3B/SS
12564,"Trevor Story",SS
9777,"Nolan Arenado",3B
13744,"David Dahl",OF
15119,"Jordan Patterson",OF
7859,"Charlie Blackmon",OF
14350,"Raimel Tapia",OF
7287,"Carlos Gonzalez",OF
11739,"J.T. Realmuto",C
5677,"A.J. Ellis",C
10067,"Tomas Telis",C
sa577789,"Austin Nola",2B/SS
9744,"Justin Bour",1B
10542,"Derek Dietrich",2B
8203,"Dee Gordon",2B/SS
7802,"Miguel Rojas",SS
11145,"Christian Colon",2B/3B
10459,"Adeiny Hechavarria",SS
17642,"J.T. Riddle",SS
3312,"Martin Prado",3B
10324,"Marcell Ozuna",OF
1101,"Ichiro Suzuki",OF
9887,"Destin Hood",OF
4949,"Giancarlo Stanton",OF
11477,"Christian Yelich",OF
4810,"Brian McCann",C
11003,"Evan Gattis",C/DH
7168,"Juan Centeno",C
10059,"Max Stassi",C
19198,"Yulieski Gurriel",1B/3B
5497,"Marwin Gonzalez",1B/SS
16246,"A.J. Reed",1B
15564,"Tyler White",1B
5417,"Jose Altuve",2B
14894,"Tony Kemp",OF
14162,"Carlos Correa",SS
17678,"Alex Bregman",3B
16909,"Colin Moran",3B
13075,"Nori Aoki",OF
11339,"Jake Marisnick",OF
589,"Carlos Beltran",OF
13066,"Teoscar Hernandez",OF
12856,"George Springer",OF
3892,"Josh Reddick",OF
13633,"Preston Tucker",OF
11368,"Yasmani Grandal",C
12158,"Austin Barnes",C
sa620958,"Kyle Farmer",C
1908,"Adrian Gonzalez",1B
15998,"Cody Bellinger",1B/OF
1679,"Chase Utley",2B
4365,"Scott Van Slyke",OF
11446,"Rob Segedin",1B/OF
7185,"Logan Forsythe",2B
13757,"Chris Taylor",SS
10472,"KikÃ© Hernandez",OF
11241,"Mike Freeman",2B
13624,"Corey Seager",SS
5235,"Justin Turner",3B
3255,"Franklin Gutierrez",OF
9952,"Trayce Thompson",OF
6265,"Andre Ethier",OF
14225,"Yasiel Puig",OF
11369,"Brett Eibner",OF
11899,"Joc Pederson",OF
12508,"Jett Bandy",C
2829,"Manny Pina",C
13132,"Andrew Susac",C
3711,"Eric Thames",OF
11342,"Jesus Aguilar",1B
5751,"Hernan Perez",3B
10166,"Nick Franklin",2B
11982,"Travis Shaw",1B/3B
10071,"Jonathan Villar",SS
7927,"Eric Sogard",2B
11863,"Yadiel Rivera",2B/3B
13185,"Orlando Arcia",SS
3410,"Ryan Braun",OF
10348,"Domingo Santana",OF
9253,"Keon Broxton",OF
sa657923,"Lewis Brinson",OF
sa658005,"Brett Phillips",OF
sa737938,"Ryan Cordell",3B/OF
13228,"Michael Reed",OF
4298,"Matt Wieters",C
4243,"Jose Lobaton",C
14523,"Pedro Severino",C
4220,"Ryan Zimmerman",3B
8027,"Adam Lind",1B/DH
sa526563,"Matt Skole",1B/3B
sa598311,"Jose Marmolejos",1B
4316,"Daniel Murphy",2B
4251,"Stephen Drew",SS
14320,"Wilmer Difo",2B/SS
10053,"Grant Green",2B
16252,"Trea Turner",2B/SS/OF
12861,"Anthony Rendon",2B/3B
1327,"Jayson Werth",OF
12858,"Brian Goodwin",OF
11489,"Michael Taylor",OF
2218,"Ryan Raburn",OF
3978,"Chris Heisey",OF
11579,"Bryce Harper",OF
15769,"Rafael Bautista",OF
7739,"Travis d'Arnaud",C
3648,"Rene Rivera",C
13807,"Kevin Plawecki",C
sa658115,"Tomas Nido",C
2502,"Lucas Duda",1B/OF
12495,"T.J. Rivera",1B/2B/3B
5827,"Wilmer Flores",3B/SS
9892,"Jay Bruce",OF
7539,"Neil Walker",2B
13788,"Matt Reynolds",3B/SS
4962,"Asdrubal Cabrera",SS
1736,"Jose Reyes",SS
sa732115,"Amed Rosario",SS
17005,"Gavin Cecchini",SS
3787,"David Wright",3B
13110,"Yoenis Cespedes",OF
16376,"Michael Conforto",OF
12927,"Brandon Nimmo",OF
5384,"Juan Lagares",OF
4747,"Curtis Granderson",OF
11146,"Cameron Rupp",C
14942,"Andrew Knapp",C
12180,"Jorge Alfaro",C
10349,"Tommy Joseph",1B
12244,"Brock Stassi",1B
4229,"Howie Kendrick",2B
10556,"Cesar Hernandez",2B
1907,"Andres Blanco",2B/SS
7740,"Ty Kelly",3B/OF
sa657867,"Jesmuel Valentin",2B
6609,"Freddy Galvis",SS
sa737507,"J.P. Crawford",SS
12179,"Maikel Franco",3B
11270,"Aaron Altherr",OF
5450,"Daniel Nava",OF
9981,"Michael Saunders",OF
13546,"Roman Quinn",OF
sa657981,"Nick Williams",OF
sa657955,"Dylan Cozens",OF
11476,"Odubel Herrera",OF
5275,"Francisco Cervelli",C
3878,"Chris Stewart",C
11680,"Elias Diaz",C
13145,"Josh Bell",1B
5887,"John Jaso",C
9549,"David Freese",3B
12937,"Jose Osuna",OF
8202,"Josh Harrison",2B/3B
12926,"Alen Hanson",2B
10340,"Gift Ngoepe",2B
14556,"Max Moroff",2B
15223,"Adam Frazier",2B/OF
10953,"Phil Gosselin",2B
13718,"Chris Bostick",OF
6547,"Jordy Mercer",SS
17182,"Jung Ho Kang",3B/SS
12907,"Gregory Polanco",OF
10317,"Danny Ortiz",OF
9847,"Andrew McCutchen",OF
sa737440,"Austin Meadows",OF
9241,"Starling Marte",OF
7007,"Yadier Molina",C
8145,"Eric Fryer",C
13620,"Carson Kelly",C
8090,"Matt Carpenter",3B
7996,"Jose Martinez",1B/OF
12532,"Kolten Wong",2B
10816,"Jedd Gyorko",2B
10951,"Greg Garcia",2B/3B/SS
sa657261,"Eliezer Alvarez",2B
15937,"Aledmys Diaz",SS
1738,"Jhonny Peralta",SS
sa736859,"Edmundo Sosa",SS
sa546472,"Breyvic Valera",2B
10243,"Randal Grichuk",OF
2967,"Tommy Pham",OF
18015,"Paul DeJong",2B
sa502038,"Anthony Garcia",OF
4062,"Dexter Fowler",OF
17023,"Magneuris Sierra",OF
13367,"Stephen Piscotty",OF
sa549441,"Rowan Wick",P/OF
12976,"Austin Hedges",C
15905,"Luis Torrens",C
10289,"Hector Sanchez",C
10047,"Wil Myers",1B/OF
5352,"Yangervis Solarte",3B
12649,"Alex Dickerson",OF
12294,"Cory Spangenberg",2B/3B
9953,"Ryan Schimpf",2B/3B
15197,"Carlos Asuaje",2B
4082,"Erick Aybar",SS
15722,"Allen Cordoba",OF
14140,"Jose Rondon",SS
6652,"Chase d'Arnaud",3B/SS
13768,"Travis Jankowski",OF
11255,"Matt Szczur",OF
11247,"Jabari Blash",OF
14712,"Manuel Margot",OF
14567,"Franchy Cordero",OF
15464,"Hunter Renfroe",OF
sa657492,"Jose Ruiz",C
9166,"Buster Posey",C
3376,"Nick Hundley",C
13895,"Trevor Brown",C
10264,"Brandon Belt",1B
3035,"Michael Morse",1B/OF
9009,"Conor Gillaspie",3B
11936,"Joe Panik",2B
16434,"Christian Arroyo",3B/SS
6104,"Aaron Hill",2B
13005,"Kelby Tomlinson",2B
11905,"Orlando Calixte",SS
5343,"Brandon Crawford",SS
6848,"Eduardo Nunez",3B/SS
sa657484,"Miguel Gomez",C/2B
7620,"Justin Ruggiano",OF
4146,"Gorkys Hernandez",OF
11624,"Jarrett Parker",OF
14158,"Mac Williamson",OF
8252,"Hunter Pence",OF
8347,"Denard Span",OF
5015,"Melvin Upton Jr.",OF
